"nearby_stations","top_stations"
ST_jCr,ST_7Y6
ST_m2h,ST_7Y6
ST_l2J,ST_7Y6
ST_7Y6,ST_7Y6
ST_p0y,ST_7Y6
ST_87V,ST_7Y6
ST_c9D,ST_7Y6
ST_JWt,ST_7Y6
ST_Q5a,ST_7Y6
ST_j7n,ST_7Y6
ST_4AH,ST_7Y6
ST_73C,ST_7Y6
ST_U1h,ST_7Y6
ST_rIX,ST_7Y6
ST_bGn,ST_7Y6
ST_mIT,ST_7Y6
ST_ZHm,ST_7Y6
ST_rZY,ST_7Y6
ST_xVV,ST_7Y6
ST_qto,ST_7Y6
ST_VGu,ST_7Y6
ST_BMm,ST_7Y6
ST_xfq,ST_7Y6
ST_0av,ST_7Y6
ST_znc,ST_7Y6
ST_rp6,ST_7Y6
ST_pyy,ST_7Y6
ST_TBU,ST_7Y6
ST_DhU,ST_7Y6
ST_C5v,ST_7Y6
ST_8Ro,ST_7Y6
ST_MiJ,ST_7Y6
ST_sak,ST_7Y6
ST_Kfl,ST_7Y6
ST_gQN,ST_7Y6
ST_IXy,ST_7Y6
ST_HB2,ST_7Y6
ST_hkp,ST_7Y6
ST_Kwv,ST_7Y6
ST_QiD,ST_7Y6
ST_3td,ST_7Y6
ST_jbF,ST_7Y6
ST_clm,ST_7Y6
ST_zPl,ST_7Y6
ST_v3p,ST_7Y6
ST_mGa,ST_7Y6
ST_bCk,ST_7Y6
ST_CDZ,ST_7Y6
ST_fg5,ST_7Y6
ST_xP0,ST_7Y6
ST_qDJ,ST_Fpi
ST_fGn,ST_Fpi
ST_c9D,ST_Fpi
ST_v0l,ST_Fpi
ST_FCS,ST_Fpi
ST_0a6,ST_Fpi
ST_S01,ST_Fpi
ST_UXL,ST_Fpi
ST_UGr,ST_Fpi
ST_Yp4,ST_Fpi
ST_WmI,ST_Fpi
ST_iFv,ST_Fpi
ST_dGy,ST_Fpi
ST_bnp,ST_Fpi
ST_dwO,ST_Fpi
ST_nFg,ST_Fpi
ST_rGM,ST_Fpi
ST_znc,ST_Fpi
ST_rp6,ST_Fpi
ST_07v,ST_Fpi
ST_DhU,ST_Fpi
ST_xP2,ST_Fpi
ST_Fpi,ST_Fpi
ST_mkA,ST_Fpi
ST_gQN,ST_Fpi
ST_zfM,ST_Fpi
ST_hkp,ST_Fpi
ST_Kwv,ST_Fpi
ST_Lkc,ST_Fpi
ST_k3V,ST_Fpi
ST_4Cj,ST_Fpi
ST_2vB,ST_Fpi
ST_Lem,ST_Fpi
ST_jbF,ST_Fpi
ST_BLM,ST_Fpi
ST_Nul,ST_Fpi
ST_du5,ST_Fpi
ST_vpo,ST_Fpi
ST_jeO,ST_Fpi
ST_4tY,ST_Fpi
ST_EIg,ST_Fpi
ST_qDJ,ST_S01
ST_fGn,ST_S01
ST_v0l,ST_S01
ST_1aK,ST_S01
ST_FCS,ST_S01
ST_0a6,ST_S01
ST_S01,ST_S01
ST_UGr,ST_S01
ST_S7n,ST_S01
ST_Yp4,ST_S01
ST_BhC,ST_S01
ST_iFv,ST_S01
ST_dGy,ST_S01
ST_Cel,ST_S01
ST_ZPW,ST_S01
ST_dwO,ST_S01
ST_nFg,ST_S01
ST_rGM,ST_S01
ST_rp6,ST_S01
ST_9EN,ST_S01
ST_07v,ST_S01
ST_BgF,ST_S01
ST_DtL,ST_S01
ST_xP2,ST_S01
ST_Fpi,ST_S01
ST_AZK,ST_S01
ST_zfM,ST_S01
ST_Lkc,ST_S01
ST_k3V,ST_S01
ST_4Cj,ST_S01
ST_2vB,ST_S01
ST_NHq,ST_S01
ST_Lem,ST_S01
ST_uF2,ST_S01
ST_Nul,ST_S01
ST_5BK,ST_S01
ST_du5,ST_S01
ST_vpo,ST_S01
ST_jeO,ST_S01
ST_6af,ST_S01
ST_AnZ,ST_S01
ST_EIg,ST_S01
ST_1aK,ST_aea
ST_30y,ST_aea
ST_Cel,ST_aea
ST_9EN,ST_aea
ST_BgF,ST_aea
ST_DtL,ST_aea
ST_aea,ST_aea
ST_rVe,ST_aea
ST_q1K,ST_aea
ST_Lkc,ST_aea
ST_NHq,ST_aea
ST_uF2,ST_aea
ST_GtL,ST_aea
ST_AnZ,ST_aea
ST_m2h,ST_gQN
ST_7Y6,ST_gQN
ST_qDJ,ST_gQN
ST_c9D,ST_gQN
ST_JWt,ST_gQN
ST_rIX,ST_gQN
ST_FCS,ST_gQN
ST_0a6,ST_gQN
ST_mIT,ST_gQN
ST_Yp4,ST_gQN
ST_8FG,ST_gQN
ST_iFv,ST_gQN
ST_dGy,ST_gQN
ST_bnp,ST_gQN
ST_qto,ST_gQN
ST_BMm,ST_gQN
ST_nFg,ST_gQN
ST_znc,ST_gQN
ST_tO4,ST_gQN
ST_rp6,ST_gQN
ST_TBU,ST_gQN
ST_OkO,ST_gQN
ST_07v,ST_gQN
ST_DhU,ST_gQN
ST_C5v,ST_gQN
ST_Fpi,ST_gQN
ST_mkA,ST_gQN
ST_xxe,ST_gQN
ST_Kfl,ST_gQN
ST_gQN,ST_gQN
ST_HB2,ST_gQN
ST_yWT,ST_gQN
ST_hkp,ST_gQN
ST_Kwv,ST_gQN
ST_3td,ST_gQN
ST_jbF,ST_gQN
ST_clm,ST_gQN
ST_v3p,ST_gQN
ST_mGa,ST_gQN
ST_Nul,ST_gQN
ST_bCk,ST_gQN
ST_CDZ,ST_gQN
ST_4tY,ST_gQN
ST_xP0,ST_gQN
